1,Tarjetas de regalo y cupones
2,Todo lo demás
3,Cerámica y vidrio
4,Artículos deportivos
5,Artículos de colección
6,Servicios especiales
7,Arte
8,Productos para mascotas
9,Vehículos
10,Artículos electrónicos
11,Memorabilia de deporte tarjetas fans
12,Memorabilia de entretenimiento
13,Teléfonos celulares y accesorios
14,Bebés
15,Bienes raíces
16,Casa y jardín
17,Equipo y maquinaria industrial
18,Instrumentos y equipos musicales
19,Boletos y experiencias
20,Muñecas y osos
21,Artesanías
22,Viaje
23,Estampillas
24,Computadoras tablets y redes
25,Monedas y billetes
26,Videojuegos y consolas
27,Películas y DVD
28,Cámaras y fotografía
29,Joyería y relojes
30,Antigüedades
31,Música
32,Ropa zapatos y accesorios
33,Juguetes y pasatiempos
34,Libros
35,Belleza y salud
